<icecast>
  <limits>
    <clients>100</clients>
    <sources>2</sources>
    <queue-size>524288</queue-size>
    <client-timeout>30</client-timeout>
    <header-timeout>15</header-timeout>
    <source-timeout>10</source-timeout>
  </limits>
  <authentication>
    <source-password>vfm123456</source-password>
    <admin-user>admin</admin-user>
    <admin-password>admin123</admin-password>
  </authentication>
  <hostname>localhost</hostname>
  <listen-socket>
    <port>8000</port>
  </listen-socket>
  <mount>
    <mount-name>/live</mount-name>
    <password>vfm123456</password>
    <max-listeners>100</max-listeners>
    <dump-file>/tmp/dump-example.ogg</dump-file>
    <fallback-mount>/fallback</fallback-mount>
    <fallback-override>1</fallback-override>
    <fallback-when-full>1</fallback-when-full>
  </mount>
  <fileserve>1</fileserve>
  <paths>
    <basedir>/usr/share/icecast</basedir>
    <logdir>/var/log/icecast</logdir>
    <webroot>/usr/share/icecast/web</webroot>
    <adminroot>/usr/share/icecast/admin</adminroot>
    <pidfile>/var/run/icecast.pid</pidfile>
  </paths>
  <logging>
    <accesslog>access.log</accesslog>
    <errorlog>error.log</errorlog>
    <loglevel>3</loglevel>
    <logsize>10000</logsize>
  </logging>
  <security>
    <chroot>0</chroot>
    <changeowner>
      <user>icecast</user>
      <group>icecast</group>
    </changeowner>
  </security>
</icecast>
